name,stock,start price,rating
Nice Facial Tissue,Ready Stock,Rp19.800,100%
Paseo Tissue Softpack Smart (Facial Tissue),Ready Stock,Rp19.800,99%
Multi (Tissue) Facial Tissue,Ready Stock,Rp7.700,78%
Nice Bathroom Tissue (Tissue Toilet),Ready Stock,Rp5.500,86%
Livi Evo Series,Ready Stock,Rp11.000,No rating
Tessa Facial Tissue,Ready Stock,Rp15.400,100%
Livi Smart Series (Tissue Minyak),Ready Stock,Rp8.800,100%
Tessa Soft Hand Towel 2Ply 150sheets,Ready Stock,Rp19.800,No rating
Multi (Tissue) Napkin Tissue (Napkin),Ready Stock,Rp4.400,100%
Multi (Tissue) Toilet Tissue (Tissue Toilet),Ready Stock,Rp27.500,94%
Paseo Luxuriously Soft Facial Tissue (Facial Tissue),Ready Stock,Rp18.700,95%
Dynasty Toilet Tissue Jumbo Roll 2Ply (Napkin),Ready Stock,Rp11.000,100%
Paseo Elegant Bathroom Tissue (Tissue Toilet),Ready Stock,Rp69.300,100%
SANITER Personal Wipes Sanitizer,Ready Stock,Rp16.500,No rating
Livi Eco Series,Ready Stock,Rp19.800,100%
Tessa Soft Bathroom Tissue Terra Polybag,Ready Stock,Rp34.100,100%
Mitu Baby Wipes Reguler,Ready Stock,Rp16.500,100%
Paseo Elegant Kitchen Towel (Tissue),Ready Stock,Rp38.500,100%
Paseo Facial Tissue (Napkin),Ready Stock,Rp23.100,100%
See-U Hand Towel Tissue (Napkin),Ready Stock,Rp14.300,No rating
Paseo Tissue Mini,3 - 7 hari kerja,Rp6.600,100%
Mitu Wetties Antiseptic Plus,Ready Stock,Rp19.800,96%
Trendy Special Economy Tissue (Napkin),Ready Stock,Rp11.000,No rating
Tessa Soft Bathroom Tissue Polybag,Ready Stock,Rp59.400,100%
Tessa Towel Tissue 2Ply TTP-0001 (Napkin),Ready Stock,Rp36.300,No rating
Livi Eco Series Smart Due Tissue (Tissue Toilet),Ready Stock,Rp231.000,100%
Nice Towel Tissue (Napkin),Ready Stock,Rp19.800,100%
Paseo Napkin Elegant,Ready Stock,Rp13.200,No rating
Trendy Soft Bathroom Tissue,Ready Stock,Rp26.400,No rating
Dettol Wet Wipes (Tissue Basah),Ready Stock,Rp7.700,No rating
See-U Classic Kitchen Tissue Towel Roll (Napkin),Ready Stock,Rp29.700,100%
Mitu Wetties Antiseptic,Ready Stock,Rp19.800,No rating
Trendy Non Perfumed Facial Tissue,Ready Stock,Rp8.800,No rating
Livi Eco Series Facial Tissue (Napkin),Ready Stock,Rp297.000,100%
Paseo Elegant Facial Tissue,Ready Stock,Rp23.100,No rating
Livi Evo Series Napkin Pop Up Tissue,Ready Stock,Rp66.000,No rating
KISSY Non Perfumed Facial Tissue,Ready Stock,Rp12.100,No rating
Trendy Bathroom Tissue,Ready Stock,Rp25.300,No rating
See-U Hand Towels ECONO,Ready Stock,Rp11.000,No rating
Livi Evo Series Squash Napkin Dinner Embossed Tissue,Ready Stock,Rp69.300,No rating
Mitu Baby Wipes Antiseptic,Ready Stock,Rp6.600,No rating
Mitu Baby Wipes Fresh & Clean,Ready Stock,Rp5.500,No rating
Tessa Napkin Terra Full Emboss,Ready Stock,Rp7.700,No rating
SANITER Surface Multipurpose Wipes,Ready Stock,Rp13.200,No rating
Paseo Tissue Toilet Non Emboss,Ready Stock,Rp39.600,No rating
Tessa Facial Moist & Soft,Ready Stock,Rp19.800,No rating
Tessa Dinner Napkin,Ready Stock,Rp18.700,No rating
PULPIES Sparkling Kitchen Towel,Ready Stock,Rp23.100,No rating
Livi Eco Series Bathroom JRT Tissue,Ready Stock,Rp319.000,No rating
Nice Facial Tissue Soft Pack,Ready Stock,Rp16.500,No rating
Tessa Hand Towel Natural,Ready Stock,Rp16.500,No rating
monotaro Paper Towel Dispenser,Inden,Rp159.500,No rating
Plenty Bathroom Tissue (Napkin),Ready Stock,Rp72.600,No rating
Paseo Elegant Facial Tissue,Ready Stock,Rp880.000,No rating
Softo Soft Bathroom Tissue,Ready Stock,Rp17.600,No rating
See-U Facial Tissue,Ready Stock,Rp69.300,No rating
Paseo Baby Pure Soft Facial Tissue,Ready Stock,Rp891.000,No rating
Softo Cocktail Napkin Tissue,Ready Stock,Rp220.000,No rating
SABER Wipes Fact Sheet,3 - 7 hari kerja,Rp891.000,No rating
Wipol Multisurface Wipes,Out of stock,Rp638.000,No rating
Crecia EF Toiletroll 90m 1ply,> 14 hari kerja,Rp1.287.000,No rating
Nice Toilet Coreless Tissue,3 - 7 hari kerja,Rp693.000,No rating
Sunlife Coral Tissue Box,3 - 7 hari kerja,Rp891.000,No rating
Softo Bathroom Tissue Jumbo Roll,3 - 7 hari kerja,Rp52.800,No rating
Sunlife Jane Tissue Box,3 - 7 hari kerja,Rp1.485.000,No rating
CONDOR Portable Toilet Deodrizer,Out of stock,Rp118.800,No rating
Crecia Hand Towel Dispenser Slim200,> 14 hari kerja,Rp561.000,No rating
Elleair Paper Towel Dispenser,Out of stock,Rp319.000,No rating
PULPIES Fabulous Pop Up Tissue,3 - 7 hari kerja,Rp198.000,No rating
CONDOR Portable Toilet Deodrizer,Out of stock,Rp118.800,No rating
Teramoto Stainless Paper Towel Holder,Out of stock,Rp814.000,No rating
Livi Evo Series Sensation Cocktail Napkin Tissue (Tissue Makan),3 - 7 hari kerja,Rp374.000,No rating
Sunlife Siena Tissue Box,3 - 7 hari kerja,Rp946.000,No rating
Sunlife Tiffani Tissue Box,3 - 7 hari kerja,Rp990.000,No rating
Paseo Elegant Toilet Core Tissue,3 - 7 hari kerja,Rp13.200,No rating
Nice Facial Tissue Box,3 - 7 hari kerja,Rp8.800,No rating
Paseo Smart Facial Tissue,3 - 7 hari kerja,Rp550.000,No rating
Paseo Elegant Facial Tissue Hanky CMP,3 - 7 hari kerja,Rp495.000,No rating
Paseo Elegant Toilet Core Tissue,3 - 7 hari kerja,Rp418.000,No rating
Paseo Anti Bacterial Wipes,3 - 7 hari kerja,Rp198.000,No rating
Paseo Baby Wipes,3 - 7 hari kerja,Rp396.000,No rating
Livi Evo Premium Napkin MG Luncheon,3 - 7 hari kerja,Rp38.500,No rating
Paseo Ultrasoft Facial Tissue,Ready Stock,Rp517.000,No rating
Osaka Spirit Towel Paper Case,Inden,Rp99.000,No rating
Mitu Wetties Family Pack,Ready Stock,Rp4.400,No rating
Crecia Kleenex Toiletroll,> 14 hari kerja,Rp1.386.000,No rating
Sunlife Eliot Tissue Box,3 - 7 hari kerja,Rp946.000,No rating
Sunlife Jeko Tissue Box,3 - 7 hari kerja,Rp891.000,No rating
Sunlife Joss Tissue Box,3 - 7 hari kerja,Rp891.000,No rating
Sunlife Tissue Holder,3 - 7 hari kerja,Rp1.980.000,No rating
TOP VIT Serviettes Dinner Napkin Tissue,3 - 7 hari kerja,Rp138.600,No rating
AS ONE Pure Leaf,> 14 hari kerja,Rp1.793.000,No rating
KRISBOW Toilet Paper Dispenser Jumbo,Out of stock,Rp297.000,No rating
Bagus Baby Wipes Travel,3 - 7 hari kerja,Rp4.400,No rating
AS ONE Hand Towel Case,> 14 hari kerja,Rp1.287.000,No rating
Paseo Facial Tissue Character,3 - 7 hari kerja,Rp23.100,No rating
Paseo Character Facial Tissue Travel Pack,3 - 7 hari kerja,Rp5.500,No rating
Paseo Puresoft Facial Tissue Travel Pack,3 - 7 hari kerja,Rp9.900,No rating
Paseo Character Facial Tissue Pop Up,3 - 7 hari kerja,Rp583.000,No rating
Paseo Elegant Facial Tissue Hanky CMP,3 - 7 hari kerja,Rp19.800,No rating
Paseo Anti Bacterial Wipes,3 - 7 hari kerja,Rp11.000,No rating
Paseo Baby Wipes,3 - 7 hari kerja,Rp22.000,No rating
Paseo Ultrasoft Facial Tissue,3 - 7 hari kerja,Rp495.000,No rating
Paseo Character Facial Tissue Travel Pack,3 - 7 hari kerja,Rp258.500,No rating
Paseo Elegant Toilet Core Tissue,3 - 7 hari kerja,Rp473.000,No rating
Nice Facial Tissue Travel Pack,3 - 7 hari kerja,Rp440.000,No rating
Jolly Facial Tissue Soft Pack,3 - 7 hari kerja,Rp15.400,No rating
Jolly Toilet Core Tissue,3 - 7 hari kerja,Rp36.300,No rating
Jolly Toilet Coreless Dot Tissue,3 - 7 hari kerja,Rp14.300,No rating
Toply Napkin Tissue MG,3 - 7 hari kerja,Rp297.000,No rating
MamyPoko Wipes Ekstra Tebal Smooth,3 - 7 hari kerja,Rp12.100,No rating
SANEI Paper Holder,> 14 hari kerja,Rp242.000,No rating
Livi Evo Elegant Toilet Core Single Roll,3 - 7 hari kerja,Rp159.500,No rating
Livi Evo Toilet HBT (Hygienic Bathroom Tissue),3 - 7 hari kerja,Rp52.800,No rating
PULPIES Mystique Dinner Napkin Tissue,3 - 7 hari kerja,Rp11.000,No rating
Mitu Wetties Family Wipes,3 - 7 hari kerja,Rp4.400,No rating
Sunlife Elian Tissue Box,3 - 7 hari kerja,Rp990.000,No rating
Sunlife Shell Tissue Box,3 - 7 hari kerja,Rp671.000,No rating
Tessa Tissue Toilet Polybag,Ready Stock,Rp33.000,100%
NEPIA Toiletroll,Out of stock,Rp990.000,No rating
CONDOR Toilet Corner,> 14 hari kerja,Rp179.300,No rating
Crecia Paper Towel Dispenser Slim400,> 14 hari kerja,Rp693.000,No rating
Trendy Facial Travel Pack Tissue,3 - 7 hari kerja,Rp22.000,No rating
KISSY High Quality Tissue,3 - 7 hari kerja,Rp19.800,No rating
Bagus Baby Wipes Botol,3 - 7 hari kerja,Rp19.800,No rating
Bagus Baby Wipes Refill,3 - 7 hari kerja,Rp18.700,No rating
Bagus Sevon Facial Wipes Travel,3 - 7 hari kerja,Rp4.400,No rating
SABER 50 Heavy Duty Wipes,3 - 7 hari kerja,Rp781.000,No rating
MamyPoko Wipes Reguler,3 - 7 hari kerja,Rp4.400,No rating
Paseo Smart Facial Tissue,3 - 7 hari kerja,Rp13.200,No rating
Paseo Ultrasoft Facial Tissue,3 - 7 hari kerja,Rp23.100,No rating
Paseo Ultrasoft Facial Tissue Travel Pack,3 - 7 hari kerja,Rp6.600,No rating
Nice Facial Tissue Travel Pack,3 - 7 hari kerja,Rp4.400,No rating
Nice Facial Tissue Pop Up,3 - 7 hari kerja,Rp9.900,No rating
Paseo Facial Tissue Character,3 - 7 hari kerja,Rp924.000,No rating
Paseo Ultrasoft Facial Tissue Travel Pack,3 - 7 hari kerja,Rp473.000,No rating
Paseo Puresoft Facial Tissue Travel Pack,3 - 7 hari kerja,Rp473.000,No rating
Paseo Anti Bacterial Wipes,3 - 7 hari kerja,Rp198.000,No rating
Nice Facial Tissue Box,3 - 7 hari kerja,Rp649.000,No rating
Nice Facial Tissue Soft Pack,3 - 7 hari kerja,Rp660.000,No rating
Jolly Facial Tissue,3 - 7 hari kerja,Rp34.100,No rating
Toply Napkin Tissue MG,3 - 7 hari kerja,Rp5.500,No rating
Jolly Facial Tissue,3 - 7 hari kerja,Rp990.000,No rating
Jolly Toilet Coreless Dot Tissue,3 - 7 hari kerja,Rp352.000,No rating
SL Plastic Osaka Tissue Box,3 - 7 hari kerja,Rp1.386.000,No rating
Livi Eco Multipurpose Tissue,3 - 7 hari kerja,Rp35.200,No rating
Diversey Oxivir TB Wipes,Ready Stock,Rp1.100.000,No rating
Sunlife Jack Tissue Box,3 - 7 hari kerja,Rp891.000,No rating
Sunlife Jolin Tissue Box,3 - 7 hari kerja,Rp990.000,No rating
Crecia Scottie (RU) Toiletroll,Out of stock,Rp48.400,No rating
Plenty Facial Tissue Premium,Ready Stock,Rp39.600,No rating
Mitu Baby Wipes Reguler,3 - 7 hari kerja,Rp12.100,No rating
SL Plastic Canada Tissue Box,3 - 7 hari kerja,Rp1.386.000,No rating
Plenty Facial Tissue Premium (Napkin),Ready Stock,Rp495.000,No rating
Crecia EF Toiletroll 40m Bulk,Out of stock,Rp1.287.000,No rating
Elleair Paper Towel Dispenser,Out of stock,Rp748.000,No rating
AS ONE Pure Leaf L150,> 14 hari kerja,Rp1.892.000,No rating
MARUZEN KAKO Hand Paper Replacement Paper M,> 14 hari kerja,Rp1.100.000,No rating
PULPIES Deep Desire Multifold Tissue,3 - 7 hari kerja,Rp11.000,No rating
PULPIES Paradise Cocktail Napkin Tissue,3 - 7 hari kerja,Rp517.000,No rating
KRISBOW Toilet Auger,3 - 7 hari kerja,Rp118.800,No rating
MamyPoko Wipes Lidah Buaya,3 - 7 hari kerja,Rp12.100,No rating
Jolly Facial Tissue Soft Pack,3 - 7 hari kerja,Rp627.000,No rating
Paseo Elegant Facial Tissue Hanky STD,3 - 7 hari kerja,Rp6.600,No rating
Paseo Ultrasoft Facial Tissue Hanky STD,3 - 7 hari kerja,Rp9.900,No rating
Paseo Toilet Core Tissue,3 - 7 hari kerja,Rp25.300,No rating
Paseo Anti Bacterial Wipes,3 - 7 hari kerja,Rp11.000,No rating
Paseo Ultrasoft Facial Tissue Travel Pack,3 - 7 hari kerja,Rp517.000,No rating
Paseo Toilet Core Tissue,3 - 7 hari kerja,Rp759.000,No rating
Nice Facial Tissue Pop Up,3 - 7 hari kerja,Rp913.000,No rating
Crecia Kleenex (RU) Toiletroll,> 14 hari kerja,Rp1.287.000,No rating
Bagus Wet Tissue Travel,3 - 7 hari kerja,Rp4.400,No rating
SABER 70 Multi Purpose Wipes,3 - 7 hari kerja,Rp726.000,No rating
SABER Disinfecting Wipes,3 - 7 hari kerja,Rp836.000,No rating
Elleair Toilet Tissue,Out of stock,Rp968.000,No rating
Softo Z-Fold Hand Towel Tissue,3 - 7 hari kerja,Rp9.900,No rating
AS ONE Guest Towel Holder,> 14 hari kerja,Rp781.000,No rating
PULPIES Journey Bathroom Tissue,Ready Stock,Rp341.000,No rating
PULPIES Lush Multifold Tissue,3 - 7 hari kerja,Rp11.000,No rating
SL Plastic Africa Tissue Box,3 - 7 hari kerja,Rp726.000,No rating
Sunlife Padma Tissue Box,3 - 7 hari kerja,Rp990.000,No rating
Sunlife Siera Tissue Box,3 - 7 hari kerja,Rp946.000,No rating
Mitu Shikada Facial Cleansing Wipes,Ready Stock,Rp7.700,No rating
Mitu Baby Wipes Extra Thick,Ready Stock,Rp4.400,No rating
Polytex Kitchen Towel,3 - 7 hari kerja,Rp13.200,No rating
Jolly Toilet Core Tissue,3 - 7 hari kerja,Rp374.000,No rating
MamyPoko Wipes Antiseptik,3 - 7 hari kerja,Rp11.000,No rating
Paseo Ultrasoft Facial Tissue Travel Pack,3 - 7 hari kerja,Rp8.800,No rating
Paseo Elegant Toilet Core Tissue,3 - 7 hari kerja,Rp39.600,No rating
Nice Toilet Coreless Tissue,3 - 7 hari kerja,Rp41.800,No rating
Paseo Elegant Facial Tissue Hanky STD,3 - 7 hari kerja,Rp258.500,No rating
Paseo Ultrasoft Facial Tissue Hanky STD,3 - 7 hari kerja,Rp429.000,No rating
Livi Evo Splash Premium Napkin Dinner,3 - 7 hari kerja,Rp118.800,No rating
Livi Evo Toilet Core Single Roll,3 - 7 hari kerja,Rp138.600,No rating
